database.name,taxon,species,genus,family,order,class,superclass,subphylum,phylum,kingdom,genus.species,common.name,fish.invert,pelagic.benthic,total.biomass.fish,All,diet,guild,Repro,repro.class,eggs,larvae,repro.notesAlbatrossia.pectoralis,Albatrossia pectoralis,pectoralis,Albatrossia,Macrouridae,Gadiformes,Actinopterygii,Pisces,Vertebrata,Chordata,Animalia,Albatrossia pectoralis,giant grenadier,fish,benthic,1,All,"I, C",A,oviparous,P,unknown,pelagic,Anoplopoma.fimbria,Anoplopoma fimbria,fimbria,Anoplopoma,Anoplopomatidae,Scorpaeniformes,Actinopterygii,Pisces,Vertebrata,Chordata,Animalia,Anoplopoma fimbria,sablefish,fish,benthic,1,All,G,A,oviparous,P,pelagic,pelagic,non-guardersAtheresthes.stomias,Atheresthes stomias,stomias,Atheresthes,Pleuronectidae,Pleuronectiformes,Actinopterygii,Pisces,Vertebrata,Chordata,Animalia,Atheresthes stomias,arrowtooth flounder,fish,benthic,1,All,G,A,oviparous,P,pelagic,pelagic,non-guardersGadus.macrocephalus,Gadus macrocephalus,macrocephalus,Gadus,Gadidae,Gadiformes,Actinopterygii,Pisces,Vertebrata,Chordata,Animalia,Gadus macrocephalus,Pacific cod,fish,benthic,1,All,"I, B",A,oviparous,P,demersal,pelagic,Hemitripterus.bolini,Hemitripterus bolini,bolini,Hemitripterus,Hemitripteridae,Scorpaeniformes,Actinopterygii,Pisces,Vertebrata,Chordata,Animalia,Hemitripterus bolini,bigmouth sculpin,fish,benthic,1,All,"F, B",A,oviparous,P,demersal,pelagic,Hippoglossus.stenolepis,Hippoglossus stenolepis,stenolepis,Hippoglossus,Pleuronectidae,Pleuronectiformes,Actinopterygii,Pisces,Vertebrata,Chordata,Animalia,Hippoglossus stenolepis,Pacific halibut,fish,benthic,1,All,G,A,oviparous,P,pelagic,pelagic,non-guardersOncorhynchus.tshawytscha,Oncorhynchus tshawytscha,tshawytscha,Oncorhynchus,Salmonidae,Salmoniformes,Actinopterygii,Pisces,Vertebrata,Chordata,Animalia,Oncorhynchus tshawytscha,Chinook salmon,fish,pelagic,1,All,F,A,oviparous,P,fresh,fresh,Ophiodon.elongatus,Ophiodon elongatus,elongatus,Ophiodon,Hexagrammidae,Scorpaeniformes,Actinopterygii,Pisces,Vertebrata,Chordata,Animalia,Ophiodon elongatus,lingcod,fish,benthic,1,All,"F, C",A,oviparous,P,demersal ,pelagic,guardersBathyraja.aleutica,Bathyraja aleutica,aleutica,Bathyraja,Arhynchobatidae,Rajiformes,Chondrichthyes,Chondrichthyes,Vertebrata,Chordata,Animalia,Bathyraja aleutica,Aleutian skate,fish,benthic,1,All,"I, B",B,oviparous-egg case,E,demersal,demersal,Bathyraja.interrupta,Bathyraja interrupta,interrupta,Bathyraja,Arhynchobatidae,Rajiformes,Chondrichthyes,Chondrichthyes,Vertebrata,Chordata,Animalia,Bathyraja interrupta,sandpaper skate,fish,benthic,1,All,"I, B",B,oviparous-egg case,E,demersal,demersal,Dasycottus.setiger,Dasycottus setiger,setiger,Dasycottus,Psychrolutidae,Scorpaeniformes,Actinopterygii,Pisces,Vertebrata,Chordata,Animalia,Dasycottus setiger,spinyhead sculpin,fish,pelagic,1,All,"I, B",B,oviparous,P,demersal,pelagic,Glyptocephalus.zachirus,Glyptocephalus zachirus,zachirus,Glyptocephalus,Pleuronectidae,Pleuronectiformes,Actinopterygii,Pisces,Vertebrata,Chordata,Animalia,Glyptocephalus zachirus,rex sole,fish,benthic,1,All,"I, B",B,oviparous,P,pelagic,pelagic,Hemilepidotus.jordani,Hemilepidotus jordani,jordani,Hemilepidotus,Cottidae,Scorpaeniformes,Actinopterygii,Pisces,Vertebrata,Chordata,Animalia,Hemilepidotus jordani,yellow Irish lord,fish,benthic,1,All,"I, B",B,oviparous,P,demersal,pelagic,Hexagrammos.decagrammus,Hexagrammos decagrammus,decagrammus,Hexagrammos,Hexagrammidae,Scorpaeniformes,Actinopterygii,Pisces,Vertebrata,Chordata,Animalia,Hexagrammos decagrammus,kelp greenling,fish,benthic,1,All,"I, B",B,oviparous,P,demersal,pelagic,guardersHippoglossoides.elassodon,Hippoglossoides elassodon,elassodon,Hippoglossoides,Pleuronectidae,Pleuronectiformes,Actinopterygii,Pisces,Vertebrata,Chordata,Animalia,Hippoglossoides elassodon,flathead sole,fish,benthic,1,All,"I, B",B,oviparous,P,pelagic,pelagic,non-guardersHydrolagus.colliei,Hydrolagus colliei,colliei,Hydrolagus,Chimaeridae,Chimaeriformes,Holocephali,Pisces,Vertebrata,Chordata,Animalia,Hydrolagus colliei,spotted ratfish,fish,benthic,1,All,"I, B",B,oviparous-egg case,E,demersal,demersal,non-guardersIsopsetta.isolepis,Isopsetta isolepis,isolepis,Isopsetta,Pleuronectidae,Pleuronectiformes,Actinopterygii,Pisces,Vertebrata,Chordata,Animalia,Isopsetta isolepis,butter sole,fish,benthic,1,All,"I, B",B,oviparous,P,pelagic,pelagic,non-guardersLepidopsetta.sp.,Lepidopsetta sp,NA,Lepidopsetta,Pleuronectidae,Pleuronectiformes,Actinopterygii,Pisces,Vertebrata,Chordata,Animalia,Lepidopsetta spp.,rock soles,fish,benthic,1,All,"I, B",B,oviparous,P,pelagic,pelagic,non-guardersLimanda.aspera,Limanda aspera,aspera,Limanda,Pleuronectidae,Pleuronectiformes,Actinopterygii,Pisces,Vertebrata,Chordata,Animalia,Limanda aspera,yellowfin sole,fish,benthic,1,All,"I, B",B,oviparous,P,pelagic,pelagic,non-guardersLycodes.brevipes,Lycodes brevipes,brevipes,Lycodes,Zoarcidae,Perciformes,Actinopterygii,Pisces,Vertebrata,Chordata,Animalia,Lycodes brevipes,shortfin eelpout,fish,benthic,1,All,"I, B",B,oviparous,P,unknown,unknown,some careLycodes.palearis,Lycodes palearis,palearis,Lycodes,Zoarcidae,Perciformes,Actinopterygii,Pisces,Vertebrata,Chordata,Animalia,Lycodes palearis,wattled eelpout,fish,benthic,1,All,"I, B",B,oviparous,P,unknown,unknown,some careLyopsetta.exilis,Lyopsetta exilis,exilis,Lyopsetta,Pleuronectidae,Pleuronectiformes,Actinopterygii,Pisces,Vertebrata,Chordata,Animalia,Lyopsetta exilis,slender sole,fish,benthic,1,All,"I, B",B,oviparous,P,pelagic,pelagic,non-guardersMalacocottus.zonurus,Malacocottus zonurus,zonurus,Malacocottus,Psychrolutidae,Scorpaeniformes,Actinopterygii,Pisces,Vertebrata,Chordata,Animalia,Malacocottus zonurus,darkfin sculpin,fish,benthic,1,All,"I, B",B,unknown,U,unknown,pelagic,some careMicrostomus.pacificus,Microstomus pacificus,pacificus,Microstomus,Pleuronectidae,Pleuronectiformes,Actinopterygii,Pisces,Vertebrata,Chordata,Animalia,Microstomus pacificus,Dover sole,fish,benthic,1,All,"I, B",B,oviparous,P,pelagic,pelagic,non-guardersMyoxocephalus.polyacanthocephalus,Myoxocephalus polyacanthocephalus,polyacanthocephalus,Myoxocephalus,Cottidae,Scorpaeniformes,Actinopterygii,Osteichthyes,Vertebrata,Chordata,Animalia,Myoxocephalus polyacanthocephalus,great sculpin,fish,benthic,1,All,"I, B",B,oviparous,P,demersal ,pelagic,Parophrys.vetulus,Parophrys vetulus,vetulus,Parophrys,Pleuronectidae,Pleuronectiformes,Actinopterygii,Pisces,Vertebrata,Chordata,Animalia,Parophrys vetulus,English sole,fish,benthic,1,All,"I, B",B,oviparous,P,pelagic,pelagic,non-guardersPlatichthys.stellatus,Platichthys stellatus,stellatus,Platichthys,Pleuronectidae,Pleuronectiformes,Actinopterygii,Pisces,Vertebrata,Chordata,Animalia,Platichthys stellatus,starry flounder,fish,benthic,1,All,"I, B",B,oviparous,P,pelagic,pelagic,non-guardersPleuronectes.quadrituberculatus,Pleuronectes quadrituberculatus,quadrituberculatus,Pleuronectes,Pleuronectidae,Pleuronectiformes,Actinopterygii,Pisces,Vertebrata,Chordata,Animalia,Pleuronectes quadrituberculatus,Alaska plaice,fish,benthic,1,All,"I, B",B,oviparous,P,pelagic,pelagic,non-guardersPodothecus.accipenserinus,Podothecus accipenserinus,accipenserinus,Podothecus,Agonidae,Scorpaeniformes,Actinopterygii,Pisces,Vertebrata,Chordata,Animalia,Podothecus accipenserinus,Sturgeon Poacher,fish,benthic,1,All,"I, B",B,oviparous,P,demersal ,pelagic,Raja.binoculata,Raja binoculata,binoculata,Raja,Rajidae,Rajiformes,Chondrichthyes,Pisces,Vertebrata,Chordata,Animalia,Raja binoculata,big skate,fish,benthic,1,All,G,B,oviparous-egg case,E,demersal ,none,non-guardersRaja.rhina,Raja rhina,rhina,Raja,Rajidae,Rajiformes,Chondrichthyes,Pisces,Vertebrata,Chordata,Animalia,Raja rhina,longnose skate,fish,benthic,1,All,F,B,oviparous-egg case,E,demersal ,none,non-guardersSebastolobus.alascanus,Sebastolobus alascanus,alascanus,Sebastolobus,Sebastidae,Scorpaeniformes,Actinopterygii,Pisces,Vertebrata,Chordata,Animalia,Sebastolobus alascanus,shortspine thornyhead,fish,benthic,1,All,"I, B",B,oviparous,P,pelagic,pelagic,non-guardersSqualus.acanthias,Squalus acanthias,acanthias,Squalus,Squalidae,Squaliformes,Chondrichthyes,Pisces,Vertebrata,Chordata,Animalia,Squalus acanthias,piked dogfish,fish,benthic,1,All,"G, B",B,ovoviviparous,V,none,pelagic,Chionoecetes.bairdi,Chionoecetes bairdi,bairdi,Chionoecetes,Oregoniidae,Decapoda,Malacostraca,NA,Crustacea,Arthropoda,Animalia,Chionoecetes bairdi,Tanner crab,invert,benthic,0,All,"I, B",E,,,,,Hyas.lyratus,Hyas lyratus,lyratus,Hyas,Oregoniidae,Decapoda,Malacostraca,NA,Crustacea,Arthropoda,Animalia,Hyas lyratus,Pacific lyre crab,invert,benthic,0,All,"I, B",E,,,,,Bathymaster.signatus,Bathymaster signatus,signatus,Bathymaster,Bathymasteridae,Perciformes,Actinopterygii,Pisces,Vertebrata,Chordata,Animalia,Bathymaster signatus,searcher,fish,benthic,1,All,"I, C",P,oviparous,P,demersal,,Clupea.pallasi,Clupea pallasi,pallasii,Clupea,Clupeidae,Clupeiformes,Actinopterygii,Pisces,Vertebrata,Chordata,Animalia,Clupea pallasii,Pacific herring,fish,pelagic,1,All,"I, C",P,oviparous,P,demersal,pelagic,Dusky.and.Dark.Rockfish,DuskyandDarkRockfish,variabilis/ciliatus,Sebastes,Sebastidae,Scorpaeniformes,Actinopterygii,Pisces,Vertebrata,Chordata,Animalia,Sebastes group 1,,fish,benthic,1,All,"I, C",P,ovoviviparous,V,pelagic,pelagic,Mallotus.villosus,Mallotus villosus,villosus,Mallotus,Osmeridae,Osmeriformes,Actinopterygii,Pisces,Vertebrata,Chordata,Animalia,Mallotus villosus,capelin,fish,pelagic,1,All,"I, C",P,oviparous,P,demersal ,pelagic,non-guardersMerluccius.productus,Merluccius productus,productus,Merluccius,Merlucciidae,Gadiformes,Actinopterygii,Pisces,Vertebrata,Chordata,Animalia,Merluccius productus,Pacific hake,fish,pelagic,1,All,"I, C",P,oviparous,P,pelagic,pelagic,non-guardersMyctophidae,Myctophidae,NA,NA,Myctophidae,Myctophiformes,Actinopterygii,Pisces,Vertebrata,Chordata,Animalia,Myctophidae spp.,lanternfishes,fish,pelagic,1,All,"I, C",P,oviparous,P,pelagic,pelagic,non-guardersOncorhynchus.keta,Oncorhynchus keta,keta,Oncorhynchus,Salmonidae,Salmoniformes,Actinopterygii,Pisces,Vertebrata,Chordata,Animalia,Oncorhynchus tshawytscha,Chum salmon,fish,pelagic,1,All,"I, C",P,oviparous,P,fresh,fresh,Pleurogrammus.monopterygius,Pleurogrammus monopterygius,monopterygius,Pleurogrammus,Hexagrammidae,Scorpaeniformes,Actinopterygii,Pisces,Vertebrata,Chordata,Animalia,Pleurogrammus monopterygius,Atka mackerel,fish,benthic,1,All,"I, C",P,oviparous,P,demersal ,pelagic,non-guardersRougheye.and.Blackspotted.Rockfish,RougheyeandBlackspottedRockfish,aleutianus/melanostictus,Sebastes,Sebastidae,Scorpaeniformes,Actinopterygii,Pisces,Vertebrata,Chordata,Animalia,Sebastes group 2,,fish,benthic,1,All,"I, C",P,ovoviviparous,V,none,pelagic,Sebastes.alutus,Sebastes alutus,alutus,Sebastes,Sebastidae,Scorpaeniformes,Actinopterygii,Pisces,Vertebrata,Chordata,Animalia,Sebastes alutus,Pacific ocean perch,fish,benthic,1,All,"I, C",P,ovoviviparous,V,none,pelagic,Sebastes.babcocki,Sebastes babcocki,babcocki,Sebastes,Sebastidae,Scorpaeniformes,Actinopterygii,Pisces,Vertebrata,Chordata,Animalia,Sebastes babcocki,redbanded rockfish,fish,benthic,1,All,"I, C",P,ovoviviparous,V,none,pelagic,Sebastes.borealis,Sebastes borealis,borealis,Sebastes,Sebastidae,Scorpaeniformes,Actinopterygii,Pisces,Vertebrata,Chordata,Animalia,Sebastes borealis,shortraker rockfish,fish,benthic,1,All,"I, C",P,ovoviviparous,V,none,pelagic,Sebastes.brevispinis,Sebastes brevispinis,brevispinis,Sebastes,Scorpaenidae,Scorpaeniformes,Actinopterygii,Osteichthyes,Vertebrata,Chordata,Animalia,Sebastes brevispinis,silvergray rockfish,fish,benthic,1,All,"I, C",P,ovoviviparous,V,none,pelagic,Sebastes.polyspinis,Sebastes polyspinis,polyspinis,Sebastes,Sebastidae,Scorpaeniformes,Actinopterygii,Pisces,Vertebrata,Chordata,Animalia,Sebastes polyspinis,northern rockfish,fish,benthic,1,All,"I, C",P,ovoviviparous,V,none,pelagic,Sebastes.proriger,Sebastes proriger,proriger,Sebastes,Sebastidae,Scorpaeniformes,Actinopterygii,Pisces,Vertebrata,Chordata,Animalia,Sebastes proriger,redstripe rockfish,fish,benthic,1,All,"I, C",P,ovoviviparous,V,none,pelagic,Sebastes.variegatus,Sebastes variegatus,variegatus,Sebastes,Sebastidae,Scorpaeniformes,Actinopterygii,Pisces,Vertebrata,Chordata,Animalia,Sebastes variegatus,harlequin rockfish,fish,benthic,1,All,"I, C",P,ovoviviparous,V,none,pelagic,Sebastes.zacentrus,Sebastes zacentrus,zacentrus,Sebastes,Sebastidae,Scorpaeniformes,Actinopterygii,Pisces,Vertebrata,Chordata,Animalia,Sebastes zacentrus,sharpchin rockfish,fish,benthic,1,All,"I, C",P,ovoviviparous,V,none,pelagic,Thaleichthys.pacificus,Thaleichthys pacificus,pacificus,Thaleichthys,Osmeridae,Osmeriformes,Actinopterygii,Pisces,Vertebrata,Chordata,Animalia,Thaleichthys pacificus,eulachon,fish,pelagic,1,All,"I, C",P,oviparous,V,fresh,fresh,Gadus.chalcogrammus,Theragra chalcogramma,chalcogramma,Theragra,Gadidae,Gadiformes,Actinopterygii,Pisces,Vertebrata,Chordata,Animalia,Theragra chalcogramma,walleye pollock,fish,benthic,1,All,I,P,oviparous,V,pelagic,pelagic,non-guardersZaprora.silenus,Zaprora silenus,silenus,Zaprora,Zaproridae,Perciformes,Actinopterygii,Pisces,Vertebrata,Chordata,Animalia,Zaprora silenus,prowfish,fish,benthic,1,All,"I, C",P,unknown,U,unknown,pelagic,